audio_file,rmse_sec
utt_dataset.wav,1.2168307304382324
utt_go_to_him.wav,0.3355359137058258
utt_you_know.wav,0.7030361890792847
utt_blocking.wav,1.0038541555404663
utt_spade.wav,0.9257522821426392
utt_sheep.wav,0.7888469099998474
